{
    "G-Podio": {
        "location": [
            26.02987289428711,
            37.52397155761719,
            0.2749999761581421
        ],
        "rotation": [
            0.0,
            -0.0,
            0.0
        ],
        "scale": [
            1.0,
            1.0,
            1.0
        ]
    },
    "G-Logo": {
        "location": [
            30.067272186279297,
            27.920738220214844,
            0.3346625566482544
        ],
        "rotation": [
            0.0,
            -0.0,
            0.0
        ],
        "scale": [
            1.0,
            1.0,
            1.0
        ]
    },
    "G-Banco.001": {
        "location": [
            21.66547393798828,
            28.123437881469727,
            0.2749999761581421
        ],
        "rotation": [
            0.0,
            -0.0,
            0.0
        ],
        "scale": [
            1.0,
            1.0,
            1.0
        ]
    },
    "G-Gradas": {
        "location": [
            21.66547393798828,
            32.17343521118164,
            0.1875
        ],
        "rotation": [
            0.0,
            -0.0,
            0.0
        ],
        "scale": [
            1.0,
            1.0,
            1.0
        ]
    }
}