{
    "G-Podio": {
        "location": [
            26.073429107666016,
            37.50971603393555,
            1.406850814819336
        ],
        "rotation": [
            0.0,
            -0.0,
            0.0
        ],
        "scale": [
            1.0,
            1.0,
            1.0
        ]
    },
    "G-Logo": {
        "location": [
            29.96163558959961,
            27.92169761657715,
            0.37753060460090637
        ],
        "rotation": [
            0.0,
            -0.0,
            0.0
        ],
        "scale": [
            1.0,
            1.0,
            1.0
        ]
    },
    "G-Banco.001": {
        "location": [
            21.66547393798828,
            28.123437881469727,
            0.4391486644744873
        ],
        "rotation": [
            0.0,
            -0.0,
            0.0
        ],
        "scale": [
            1.0,
            1.0,
            1.0
        ]
    },
    "G-Gradas": {
        "location": [
            21.66547393798828,
            32.1826171875,
            0.3172883093357086
        ],
        "rotation": [
            0.0,
            -0.0,
            0.0
        ],
        "scale": [
            1.0,
            1.0,
            1.0
        ]
    }
}