{
    "G-Podio": {
        "location": [
            26.073429107666016,
            37.50971603393555,
            1.40070641040802
        ],
        "rotation": [
            0.0,
            -0.0,
            0.0
        ],
        "scale": [
            1.0,
            1.0,
            1.0
        ]
    },
    "G-Logo": {
        "location": [
            29.98584747314453,
            27.921682357788086,
            0.38494017720222473
        ],
        "rotation": [
            0.0,
            -0.0,
            0.0
        ],
        "scale": [
            1.0,
            1.0,
            1.0
        ]
    },
    "G-Banco.001": {
        "location": [
            21.66547203063965,
            28.123437881469727,
            0.43220287561416626
        ],
        "rotation": [
            0.0,
            -0.0,
            0.0
        ],
        "scale": [
            1.0,
            1.0,
            1.0
        ]
    },
    "G-Gradas": {
        "location": [
            21.66547393798828,
            32.39010238647461,
            0.34102392196655273
        ],
        "rotation": [
            0.0,
            -0.0,
            0.0
        ],
        "scale": [
            1.0,
            1.0,
            1.0
        ]
    }
}