{
    "G-Podio": {
        "location": [
            26.07339859008789,
            37.50962448120117,
            1.169418454170227
        ],
        "rotation": [
            0.0,
            -0.0,
            0.0
        ],
        "scale": [
            1.0,
            1.0,
            1.0
        ]
    },
    "G-Logo": {
        "location": [
            29.96163558959961,
            27.92169761657715,
            0.37753063440322876
        ],
        "rotation": [
            0.0,
            -0.0,
            0.0
        ],
        "scale": [
            1.0,
            1.0,
            1.0
        ]
    },
    "G-Banco.001": {
        "location": [
            21.66547393798828,
            28.123437881469727,
            0.49937501549720764
        ],
        "rotation": [
            0.0,
            -0.0,
            0.0
        ],
        "scale": [
            1.0,
            1.0,
            1.0
        ]
    },
    "G-Gradas": {
        "location": [
            21.66547393798828,
            32.373435974121094,
            0.3430555462837219
        ],
        "rotation": [
            0.0,
            -0.0,
            0.0
        ],
        "scale": [
            1.0,
            1.0,
            1.0
        ]
    }
}