{
    "G-Podio": {
        "location": [
            25.942468643188477,
            37.37875747680664,
            0.2750000059604645
        ],
        "rotation": [
            -8.742277657347586e-08,
            -0.0,
            1.5707963705062866
        ],
        "scale": [
            -1.0,
            -1.0,
            -1.33152174949646
        ]
    },
    "G-Logo": {
        "location": [
            29.784568786621094,
            27.923437118530273,
            0.3383026123046875
        ],
        "rotation": [
            1.570796251296997,
            -0.0,
            8.326673214084266e-16
        ],
        "scale": [
            0.40709999203681946,
            0.40709999203681946,
            0.40709999203681946
        ]
    },
    "G-Banco.001": {
        "location": [
            12.765473365783691,
            28.323436737060547,
            0.2750000059604645
        ],
        "rotation": [
            0.0,
            -0.0,
            -1.570796251296997
        ],
        "scale": [
            1.0,
            1.0,
            1.0
        ]
    },
    "G-Gradas": {
        "location": [
            12.165472984313965,
            37.82343673706055,
            0.1875
        ],
        "rotation": [
            0.0,
            -0.0,
            -1.570796251296997
        ],
        "scale": [
            1.0,
            1.0,
            1.0
        ]
    }
}