{
    "G-Podio": {
        "location": [
            26.07339859008789,
            37.50962448120117,
            1.169418454170227
        ],
        "rotation": [
            -8.742277657347586e-08,
            -0.0,
            1.5707963705062866
        ],
        "scale": [
            -1.0,
            -1.0,
            -1.33152174949646
        ]
    },
    "G-Logo": {
        "location": [
            29.96163558959961,
            27.92169761657715,
            0.37753063440322876
        ],
        "rotation": [
            1.570796251296997,
            -0.0,
            8.326673214084266e-16
        ],
        "scale": [
            0.40709999203681946,
            0.40709999203681946,
            0.40709999203681946
        ]
    },
    "G-Banco.001": {
        "location": [
            21.66547393798828,
            28.123437881469727,
            0.49937501549720764
        ],
        "rotation": [
            0.0,
            -0.0,
            -1.570796251296997
        ],
        "scale": [
            1.0,
            1.0,
            1.0
        ]
    },
    "G-Gradas": {
        "location": [
            21.66547393798828,
            32.373435974121094,
            0.3430555462837219
        ],
        "rotation": [
            0.0,
            -0.0,
            -1.570796251296997
        ],
        "scale": [
            1.0,
            1.0,
            1.0
        ]
    }
}